,accuracy,precision,recall,f1,roc_auc,acc_female,acc_male,acc_class_1,acc_class_2,acc_class_3,disparate_impact
minimal_logreg,0.7567567567567568,0.7857142857142857,0.88,0.8301886792452831,0.86,0.9473684210526315,0.5555555555555556,0.7352941176470589,1.0,1.0,0.5
full_logreg,0.8324022346368715,0.8,0.7536231884057971,0.7761194029850746,0.8674571805006587,,,0.7333333333333333,0.9117647058823529,0.85,
minimal_tree,0.7297297297297297,0.7777777777777778,0.84,0.8076923076923077,0.8166666666666665,0.9473684210526315,0.5,0.7058823529411765,1.0,1.0,0.4444444444444444
full_tree,0.8156424581005587,0.8103448275862069,0.6811594202898551,0.7401574803149606,0.8399868247694336,,,0.7111111111111111,0.9117647058823529,0.83,
